Price,Close,High,Low,Open,Volume
Ticker,MRF.NS,MRF.NS,MRF.NS,MRF.NS,MRF.NS
Date,,,,,
5/12/2021,76617.05469,78558.38349,76352.99883,77641.06711,21902
5/14/2021,75495.02344,77194.84703,75310.83663,76848.78407,23176
5/17/2021,77553.61719,77803.99231,75360.43336,76133.86939,20991
5/18/2021,78602.91406,79274.21686,77745.73563,78186.44852,24073
5/19/2021,79012.63281,79326.7637,77680.77983,78604.89015,19150
5/20/2021,80547.50781,81775.93392,78579.46032,79128.44957,26037
5/21/2021,81486.64844,81789.52333,80615.83566,81012.46954,20210
5/24/2021,81764.92969,82598.99955,81309.93953,81666.91,15291
5/25/2021,81490.0625,82399.64776,81231.60751,82010.00147,11453
5/26/2021,80883.0625,82103.20739,80714.98891,81974.25491,10203
5/27/2021,82097.39844,82474.89777,80670.95758,80913.19859,18209
5/28/2021,82680.42188,82946.06589,82128.00845,82498.86115,10943
5/31/2021,82937.53125,83258.40961,82301.53037,82536.53595,10282
6/1/2021,82384.28125,84086.38287,82114.91107,82939.51446,11331
6/2/2021,83722.11719,84063.02863,82103.20808,82103.20808,10170
6/3/2021,83760.15625,84369.98088,83104.71872,83992.18708,9669
6/4/2021,84204.09375,84617.87898,83531.10206,84135.96878,11134
6/7/2021,81707.07031,86565.33927,81557.83682,84878.55308,69851
6/8/2021,80664.61719,81761.25553,80467.23762,81567.74934,26448
6/9/2021,79553.00781,81299.04135,79335.70357,81180.05118,19134
6/10/2021,81480.64063,81633.15099,79376.3973,79625.23857,20186
6/11/2021,81479.99219,82121.50093,80640.81726,81877.269,13297
6/14/2021,81782.78125,82428.40357,80587.37171,81309.94255,11908
6/15/2021,82165.38281,82656.26368,81260.36042,81835.9753,12061
6/16/2021,81859.57813,82450.26823,81657.04695,82102.222,10103
6/17/2021,81980.64063,82594.88078,81137.44514,81235.56553,14770
6/18/2021,81948.61719,82447.67861,79822.55913,81954.46599,32641
6/21/2021,81088.875,81557.84812,80318.36715,80318.36715,6928
6/22/2021,81059.32031,81805.73568,80814.151,81805.73568,7101
6/23/2021,81280.73438,81805.68548,81062.04348,81062.04348,4801
6/24/2021,80293.55469,81506.26253,79971.28973,81506.26253,9667
6/25/2021,79836.65625,80565.31611,79698.62455,80534.42979,7525
6/28/2021,79876.75,80465.95268,79466.58257,80218.20371,10158
6/29/2021,79547.15625,80070.46508,78858.50067,80070.46508,14280
6/30/2021,79405.60156,79970.85128,79198.85617,79624.24597,7178
7/1/2021,80336.49219,80782.26367,79425.92319,79425.92319,9204
7/2/2021,80459.46094,80803.84296,79921.72765,80339.28552,6768
7/5/2021,80150.14063,81139.14566,79921.72754,80506.76252,8057
7/6/2021,79772.1875,80699.11765,79673.81921,80209.27487,6734
7/7/2021,80089.1875,80665.25161,79624.43649,79921.71043,10475
7/8/2021,79741.20313,80655.44412,79425.92571,80318.35184,5867
7/9/2021,79321.52344,80020.78432,79207.78557,79921.72656,10267
7/12/2021,79512.28906,79802.92404,79207.77191,79624.23741,5751
7/13/2021,82416.35156,82747.74226,79327.86738,79763.02587,35724
7/14/2021,82109.21094,82655.48116,81687.34587,82301.53189,9792
7/15/2021,80759.8125,82554.3328,80433.37974,82109.15778,10241
7/16/2021,81756,82013.95917,80670.26138,81260.35491,11216
7/19/2021,81544.24219,82266.76647,80938.08965,81111.61694,7692
7/20/2021,80953.01563,82004.04885,80716.972,81509.24812,7135
7/22/2021,80885.53906,81706.57111,80558.85842,80963.37845,6118
7/23/2021,80491.74219,81279.95133,80318.36205,81190.91012,4471
7/26/2021,80236.82031,80912.87981,80020.9027,80664.44131,5993
7/27/2021,79421.32813,80635.62434,79275.06938,80243.99485,6581
7/28/2021,79250.17188,79867.18542,78534.54214,79580.16815,7559
7/29/2021,79054.59375,79622.07463,78783.34883,79329.06132,5158
7/30/2021,79235.00781,80457.18243,79042.48545,79291.77604,9818
8/2/2021,79744.07031,80665.35303,79458.93554,79821.56109,10580
8/3/2021,80336.59375,80536.49875,79834.95267,80120.03323,5106
8/4/2021,79918,81057.82274,79668.66911,80480.23619,6965
8/5/2021,79133.49219,80185.49644,78938.44636,80077.81885,8114
8/6/2021,78633.25781,79616.77546,78474.67099,79166.98957,10148
8/9/2021,79518.32813,82115.09301,78673.33632,78961.36132,64535
8/10/2021,78303.85156,80401.71394,77679.98111,79566.35303,22258
8/11/2021,77087.04688,79268.98688,76785.96091,78474.65604,16579
8/12/2021,77715.79688,78186.55177,77088.9463,77678.99635,13737
8/13/2021,78348.375,78673.34802,77946.36301,78027.67029,9067
8/16/2021,78135.72656,78822.33328,77590.57911,78426.68503,8280
8/17/2021,78213.00781,78638.60399,77411.87099,78135.72052,9035
8/18/2021,78819.50781,78971.34295,78375.33281,78573.00951,7011
8/20/2021,77557.75,78871.00541,77287.60533,78871.00541,8520
8/23/2021,75656.42188,78175.65859,75444.93919,78175.65859,14541
8/24/2021,76644.86719,76886.29785,75509.26615,75991.28933,12172
8/25/2021,76503.40625,77461.44592,76227.2549,76726.32024,12272
8/26/2021,76055.41406,76751.20937,75792.62635,76618.10043,8394
8/27/2021,76441.72656,76818.40029,76055.40647,76140.29135,6617
8/30/2021,77665.58594,77853.77925,76487.96922,76487.96922,9045
8/31/2021,79212.48438,79324.03451,77737.40575,77779.32823,14859
9/1/2021,79422.96094,80024.24043,78712.86304,79468.01092,10789
9/2/2021,80724.75,81331.0894,79509.19204,79858.40119,14947
9/3/2021,81849.90625,82050.81129,80967.85801,81404.03955,15764
9/6/2021,80863.52344,82646.73445,80738.26043,82150.05936,10180
9/7/2021,80545.5,81752.7153,80352.13819,81241.13999,11928
9/8/2021,79706.40625,80888.14356,79279.26574,80838.82528,9413
9/9/2021,79336.78906,80928.19033,79269.34214,79766.01722,14454
9/13/2021,79710,79872.41276,78723.00566,79269.34829,7150
9/14/2021,79889.03906,80309.42016,79519.70685,79696.4766,9958
9/15/2021,79676.76563,80456.39807,79583.88738,79985.55008,9413
9/16/2021,79439.91406,80064.03294,79270.34606,80064.03294,6457
9/17/2021,78869.26563,79805.54465,78326.64814,79468.00739,13253
9/20/2021,78350.94531,79418.34664,77987.92239,78663.40051,11737
9/21/2021,77852.58594,78505.76031,77530.98879,78345.53601,10584
9/22/2021,79461.85938,80014.3639,77977.99585,77977.99585,16457
9/23/2021,79687.24219,80460.36345,79469.54331,80064.01677,6530
9/24/2021,78928.13281,80153.43033,78529.34926,79964.69378,11095
9/27/2021,81348.82813,81454.72081,78618.35661,79417.35944,20927
9/28/2021,79953.35938,81345.43863,79279.27045,81215.70556,14053
9/29/2021,78530.99219,79896.64694,78376.37102,79772.08238,25732
9/30/2021,78847.71875,79150.10077,78129.02985,79021.0118,16379
10/1/2021,78469.07813,78842.1819,77987.90098,78474.64244,8506
10/4/2021,79256.44531,80016.31178,78872.01872,78948.70847,10101
10/5/2021,78879.15625,79537.54562,78705.1182,79219.67357,5361
10/6/2021,78106.625,79358.74285,77977.98616,79115.37207,9556
10/7/2021,80732.08594,80904.78139,78335.68334,78623.6074,22060
10/8/2021,85289.49219,85799.0808,80560.79635,80759.36549,54225
10/11/2021,84368.10938,86967.80767,84157.07679,85289.04587,28671
10/12/2021,85048.14063,85626.72042,83819.07182,84434.74702,16687
10/13/2021,85533.94531,86222.78703,84871.83092,85585.05628,11972
10/14/2021,84600.11719,86024.13133,84434.67005,85760.89351,7265
10/18/2021,83753.4375,86322.14047,83441.42462,84732.78,20490
10/19/2021,82461.17969,84609.84268,82040.14666,84274.83533,15834
10/20/2021,81967.82031,82827.96837,80461.35832,82597.06104,28021
10/21/2021,80552.21094,82845.35987,80362.57418,82725.00928,18125
10/22/2021,80263.09375,81726.15118,79547.4858,80560.74959,24048
10/25/2021,78901.25781,80957.98926,78491.00421,80957.98926,19941
10/26/2021,79561.14844,79964.69699,78756.48815,78971.34671,7847
10/27/2021,78844.99219,80039.20103,78673.34436,79958.73966,6723
10/28/2021,77093.25,79179.13757,76785.95562,78845.17019,12606
10/29/2021,76794.07813,77878.66928,76140.30613,77481.28257,9403
11/1/2021,78217.42969,78452.95456,76736.29807,77177.34553,7650
11/2/2021,78062.63281,78862.07801,77828.99372,77828.99372,6829
11/3/2021,77450.42188,78663.40337,77282.64658,78335.5978,7732
11/4/2021,77891.0625,78111.04298,77580.68717,77853.81187,1245
11/8/2021,79410.65625,79773.97411,78027.66433,78355.46992,9209
11/9/2021,77986.63281,79954.60693,77482.30583,79761.0511,23116
11/10/2021,77647.70313,78403.89098,77530.98447,77985.93887,9926
11/11/2021,76697.46094,77878.50775,76388.62991,77878.50775,12757
11/12/2021,77654.99219,77777.17424,76740.36514,77064.09636,11688
11/15/2021,77963.58594,78345.57565,77282.64439,77878.6545,10112
11/16/2021,77923.15625,78919.6883,77690.16906,77888.59077,16137
11/17/2021,78849.34375,78974.36321,78007.84304,78174.14244,10113
11/18/2021,76952.57813,79139.22761,76787.92401,79073.71054,10930
11/22/2021,75157.36719,77383.9459,74523.98133,77327.32278,15725
11/23/2021,75995.72656,76191.87415,74597.137,75298.81824,7408
11/24/2021,75963.92969,76886.09642,75610.88115,76147.70647,6410
11/25/2021,75163.13281,76190.89387,74782.86689,76063.29005,10280
11/26/2021,74693.21094,75149.82029,74018.35109,75149.82029,9869
11/29/2021,73330.17969,74603.40847,72567.00919,74409.74433,8554
11/30/2021,74137.35156,75493.52821,73054.76023,73054.76023,25947
12/1/2021,73221.25,74861.72961,73015.12196,74494.07511,11738
12/2/2021,73393.21094,73788.87435,72765.78541,73633.90579,11728
12/3/2021,73393.80469,74198.00679,73277.1359,73699.42679,6322
12/6/2021,72645.53906,73646.47866,72472.44115,73461.06429,7682
12/7/2021,73122.20313,73391.31041,72866.00989,73202.76845,4638
12/8/2021,74161.69531,74745.26435,73520.02082,73558.41373,8118
12/9/2021,74174.85938,74777.3028,73611.16585,74438.90664,6709
12/10/2021,73730.25781,74504.10714,73510.71904,73565.35539,4831
12/13/2021,73304.11719,74614.39649,73158.08909,74186.24609,7479
12/14/2021,73621.83594,73709.40155,73014.02984,73163.03806,5830
12/15/2021,73496.32813,74057.09581,73312.0546,73515.6992,3594
12/16/2021,72821.75781,73807.39282,72616.66974,73570.32231,8181
12/17/2021,72078.3125,72894.83109,71623.29411,72785.55838,10564
12/20/2021,69488.00781,71722.53389,68245.77575,71523.95712,19827
12/21/2021,69948.09375,70669.34797,69487.51082,69488.00752,11270
12/22/2021,70082.99219,70818.64269,69771.61156,70033.71858,8950
12/23/2021,70559.96094,71027.24915,70232.58523,70520.62122,8715
12/24/2021,69627.27344,70828.57461,69245.85896,70828.57461,8524
12/27/2021,70059.89063,70222.06123,68553.71249,69625.57825,7843
12/28/2021,71144.17969,71522.9555,70073.60214,70073.60214,8194
12/29/2021,72079.3125,72217.19946,70927.92883,71374.95359,9449
12/30/2021,71642.69531,72406.06746,71375.22558,72218.27055,6786
12/31/2021,72853.10156,73211.96304,71534.87546,71534.87546,6473
1/3/2022,72882.60938,73490.81129,72630.23445,73103.3899,5871
1/4/2022,73448.35156,73510.73324,72865.03086,73180.63342,6005
1/5/2022,73556.42188,73908.08129,73295.16078,73448.34434,7370
1/6/2022,73664.98438,74002.44139,72716.00389,73416.34246,7559
1/7/2022,73698.76563,74080.87857,73064.73566,73719.47932,5550
1/10/2022,73795.25,74483.37328,73659.75337,73719.35667,5451
1/11/2022,73800.10938,73952.79627,73429.28061,73794.84752,5864
1/12/2022,74885.32813,74998.92362,73769.05469,73800.09808,7862
1/13/2022,75474.69531,75795.51311,74534.11199,75051.46541,9077
1/14/2022,75631.25781,75772.81562,74846.87697,75467.69801,4493
1/17/2022,76314.28125,76675.12957,75298.88314,75631.27244,6852
1/18/2022,75792.39063,76788.80554,75497.50179,76342.87513,8057
1/19/2022,76023.85156,76272.64098,75149.8174,75795.51973,6542
1/20/2022,73240.77344,75594.80856,73014.03258,75594.80856,16368
1/21/2022,72216.44531,74305.43988,71577.94503,73153.10953,11025
1/24/2022,70607.39844,72507.35416,69539.15694,72219.31816,10330
1/25/2022,70103.35938,71771.848,69353.79365,70431.22405,11974
1/27/2022,70245.10156,70579.22919,69000.28542,69656.37167,10272
1/28/2022,70856.09375,72368.3254,70600.09452,70600.09452,9147
1/31/2022,71671.0625,72020.68077,70928.94729,71702.75003,6201
2/1/2022,71042.61719,72199.46447,70729.45151,71921.31574,12365
2/2/2022,70989.96094,72194.14151,70714.34226,71127.59177,8742
2/3/2022,70517.78906,71454.40659,69647.72854,69984.19219,10786
2/4/2022,69543.54688,70826.11224,69390.06836,70517.66513,11034
2/7/2022,68343.92188,69956.24546,68146.43938,69933.49842,12143
2/8/2022,68967.30469,69338.48256,68047.07816,68782.18528,11669
2/9/2022,69960.95313,70113.18986,69140.8103,69140.8103,5620
2/10/2022,69307.89844,70450.69059,69041.46864,70450.69059,14416
2/11/2022,67782.29688,69239.14701,67588.33786,69239.14701,15042
2/14/2022,65493.08594,67417.27874,65273.54716,67417.27874,18628
2/15/2022,66239.25781,66556.89362,64577.22272,66035.46582,14444
2/16/2022,65703.28906,66830.18701,65564.50964,66795.41843,12266
2/17/2022,65184.86719,66203.78044,65009.92204,66013.63887,7727
2/18/2022,65207.91797,65828.1618,64782.08048,64886.09217,19661
2/21/2022,64309.55469,65144.28701,64178.12657,65144.28701,10513
2/22/2022,65337.69922,65565.63779,62586.28535,62586.28535,26513
2/23/2022,65371.48047,66361.28916,65269.55267,65729.71402,11015
2/24/2022,63525.6875,65417.58025,62586.29546,63927.43036,43260
2/25/2022,65220.58984,65382.76783,63602.28307,63679.07625,19903
2/28/2022,65309.24609,65814.95016,64026.77039,64823.50382,13429
3/2/2022,65788.97656,66063.3116,64713.08834,65228.82767,18103
3/3/2022,65601.82031,66540.16466,65291.41896,66510.36166,13310
3/4/2022,65478.47656,65765.23729,64573.16391,65169.22388,18449
3/7/2022,65718.69531,66011.65725,63323.03086,64712.24646,29607
3/8/2022,65958.84375,66212.31666,65070.86201,65715.6001,8208
3/9/2022,65653.88281,66510.36991,65457.53224,66162.66821,6893
3/10/2022,66442.69531,67054.54924,66117.94357,66249.92271,9680
3/11/2022,67452.42969,67646.89426,65929.2015,66152.72399,7705
3/14/2022,67923.38281,68000.52137,66962.42996,67587.25304,6352
3/15/2022,67637.92188,68541.94639,67056.76326,67752.16673,9065
3/16/2022,67921.49219,68397.78918,67738.89447,68248.87506,7593
3/17/2022,68504.96094,69430.04899,68050.27124,68149.51366,14905
3/21/2022,66437.20313,69401.25922,66150.74504,69195.26924,12368
3/22/2022,66655.99219,66858.05495,65467.24846,66807.28896,9663
3/23/2022,66405.75,67281.85722,66173.68244,66664.33757,8261
3/24/2022,66280.625,66957.35484,66013.63981,66401.07878,7400
3/25/2022,66064.41406,66738.50518,65566.60304,66460.73965,5838
3/28/2022,65277.14844,66063.3033,64529.24463,66063.3033,9839
3/29/2022,64868.26563,66439.1825,64583.09982,65357.9778,9704
3/30/2022,64929.70703,65467.20878,64706.8326,65417.13353,7190
3/31/2022,64595.125,65367.91526,64276.57826,65064.91808,10386
4/1/2022,66048.625,66212.33973,64672.46743,64672.51787,7651
4/4/2022,66689.07031,66818.27096,66271.92926,66271.92926,6506
4/5/2022,67311.09375,67652.78814,66689.05722,66689.05722,7621
4/6/2022,67186.75,67509.8099,66761.85541,67344.85338,6216
4/7/2022,66668.57031,67746.34465,66460.69437,67305.11276,8501
4/8/2022,67337.72656,67681.5553,66270.57765,67046.79813,12652
4/11/2022,67320.64063,67553.45323,66859.09004,67056.73666,4286
4/12/2022,67141.875,67540.73839,66128.16965,67156.07799,13531
4/13/2022,67004.39063,67673.66974,66570.95878,67205.76266,8522
4/18/2022,66505.34375,67037.32727,65566.74334,66563.00945,11982
4/19/2022,65925.61719,67352.33474,65367.90533,66563.99892,17383
4/20/2022,67226.03906,67903.41323,66064.91712,66261.81098,9721
4/21/2022,69257,69639.67361,67414.38304,67558.43087,11532
4/22/2022,68689.80469,69167.79357,68149.52443,69167.79357,6278
4/25/2022,68662.03906,69042.62493,67787.27442,68099.85668,9387
4/26/2022,70863.07813,71068.12118,68770.41115,69043.60528,16723
4/27/2022,71744.71875,72123.16254,69739.02332,69853.26816,14670
4/28/2022,71855.72656,72170.93983,70786.09386,72170.93983,11877
4/29/2022,72251.41406,72918.00784,71329.80284,71855.03416,11934
5/2/2022,72120.75781,72371.59966,71307.13612,71527.18155,5432
5/4/2022,71406.34375,72829.23508,70831.79008,72321.93994,9510
5/5/2022,70714.71875,72371.61808,70312.23079,71715.95208,7309
5/6/2022,69454.49219,70366.71221,68795.24837,70186.05484,8667
5/9/2022,68127.65625,69396.27034,67876.51946,69143.93833,11683
5/10/2022,68358.19531,70474.06088,66758.72105,68040.25007,28293
5/11/2022,67663.4375,68819.98784,67371.81051,67901.16297,10262
5/12/2022,67177.99219,67752.10349,66242.13147,67543.52907,11473
5/13/2022,71577.75781,72799.38578,67245.49633,67245.49633,28470
5/16/2022,72052.13281,72759.06157,70931.24502,71308.64881,12665
5/17/2022,73520.76563,73812.08992,72123.25341,72321.94006,10590
5/18/2022,74197.20313,74358.44202,73326.35787,73717.72406,10398
5/19/2022,72952.53125,73762.42781,72521.62953,73017.35278,8680
5/20/2022,73618.3125,74189.53653,73492.98471,73712.73521,7777
5/23/2022,72904.29688,74653.4302,72586.49136,74010.77976,8044
5/24/2022,73906.95313,74109.01587,72632.82859,73017.28721,7073
5/25/2022,74332.89063,74932.67589,73091.44844,74074.59801,7765
5/26/2022,74568.04688,74805.52399,72918.00081,74507.49401,9279
5/27/2022,74164.625,75192.97606,73812.1036,74716.12801,7417
5/30/2022,74893,75297.77752,74370.55495,74408.15796,6081
5/31/2022,77139.53906,77652.34459,74743.37836,74904.85781,27991
6/1/2022,75830.25781,77060.62502,75500.93466,76693.05468,7322
6/2/2022,75374.5625,75500.78286,74537.69585,75005.308,5643
6/3/2022,75958.24219,76383.03572,75561.51314,75561.51314,10174
6/6/2022,74221.67969,76169.3599,74065.46231,75888.36575,8339
6/7/2022,71188.42969,74008.04147,70869.14181,73514.05681,12064
6/8/2022,70189.59375,71921.24907,69858.23714,71230.16868,10536
6/9/2022,69963.27344,70235.72247,69540.31928,69540.31928,5276
6/10/2022,69492.89844,70081.75606,69260.68339,69655.52658,6364
6/13/2022,68108.32813,68852.65786,67767.82894,68546.88226,5879
6/14/2022,67754.38281,69043.61081,67062.70491,67062.70491,6121
6/15/2022,67992.28125,69094.29394,67754.40049,67754.40049,7761
6/16/2022,66735.48438,68859.79439,66560.04247,68839.97229,7091
6/17/2022,67677.19531,68676.04596,65445.75003,66560.03297,17498
6/20/2022,66213.85156,68149.40846,66054.80914,67812.53375,6721
6/21/2022,67644.41406,67851.45178,66220.28078,66220.28078,5942
6/22/2022,67593.79688,67781.95158,66907.73031,67156.08863,4849
6/23/2022,68553.05469,68825.0536,67593.73969,67593.79402,7455
6/24/2022,70089.69531,70310.23749,68447.55017,68447.55017,12532
6/27/2022,70754.04688,71435.49544,70434.40976,70732.4397,8117
6/28/2022,71794.08594,72123.01327,70104.31013,70533.76826,10643
6/29/2022,71054.07813,71527.20075,70682.78241,71097.04412,6071
6/30/2022,70335.96875,71626.33768,69962.53873,71276.85096,6089
7/1/2022,71720.21875,72023.91441,69838.36115,69838.36115,5409
7/4/2022,71305.10938,72023.75738,71129.81499,71427.84494,4102
7/5/2022,70753.46094,71864.96534,70589.84713,71527.19802,3862
7/6/2022,72749.3125,73017.33766,71029.92805,71250.96693,7785
7/7/2022,74843.17969,75004.21678,72864.65631,73340.21595,12354
7/8/2022,75545.57813,75951.93885,74840.33372,74843.16655,10071
7/11/2022,75874.3125,75997.64569,74805.52576,75500.92905,8025
7/12/2022,76161.20313,76395.00917,75331.08883,75500.91933,7467
7/13/2022,76766.3125,77090.4201,76170.50091,76170.50091,7992
7/14/2022,76906.53125,77352.14037,76029.72554,76891.52886,6630
7/15/2022,79035.65625,79206.0766,77119.76607,77213.59894,14260
7/18/2022,80212.28125,80467.0503,79077.2838,79079.27067,15460
7/19/2022,79416.83594,80290.16463,78671.51267,79971.37346,8431
7/20/2022,79260.67188,80089.44352,78878.59591,79549.16332,7028
7/21/2022,79651.875,79890.29894,79032.57036,79107.07784,6751
7/22/2022,78879.20313,80207.81929,78616.63404,79762.76117,6537
7/25/2022,80303.22656,80665.73655,79009.52817,79077.28342,11727
7/26/2022,79623.85938,80434.05058,79306.55066,80298.19861,5871
7/27/2022,80478.53125,80584.07137,79269.38391,79766.99461,5546
7/28/2022,82649.63281,82901.92137,80622.86495,80622.86495,14509
7/29/2022,83417.59375,83568.71964,82157.79151,83080.06605,12547
8/1/2022,86534.84375,86982.34346,83596.95041,83598.59097,16248
8/2/2022,87751.78906,88524.92823,85887.59197,86514.58135,18522
8/3/2022,88314.88281,88524.92113,86799.95407,87752.62951,15400
8/4/2022,88287.85938,89072.19474,87317.37099,88563.69115,11181
8/5/2022,88470.65625,88723.98674,87436.12362,88574.70354,9228
8/8/2022,87298.33594,88475.18528,87081.87528,88077.14336,8338
8/10/2022,83067.74219,86818.03161,82215.23404,86390.18752,26092
8/11/2022,82106.46094,84193.73556,81708.66785,83597.59797,12363
8/12/2022,82733.59375,83935.17574,81878.39543,82598.39138,10606
8/16/2022,86555.82031,87174.6923,83001.53608,83100.95711,28904
8/17/2022,86438.55469,87505.12869,85968.21154,86584.25353,18111
8/18/2022,87172.97656,87567.58182,85396.25767,86429.95053,14967
8/19/2022,86410.98438,87939.59766,86023.89771,87568.52784,11885
8/22/2022,84422.88281,86461.79584,84106.15363,86394.12079,11433
8/23/2022,85484.96875,86365.24183,83399.52955,83528.9083,13741
8/24/2022,84857.04688,86285.43825,84394.81323,85389.94123,8432
8/25/2022,85036.67188,86086.6302,84771.74089,85189.93593,12922
8/26/2022,84864.75,86031.89565,84593.80103,85987.1107,6083
8/29/2022,84015.23438,84489.06078,83080.07627,84225.52929,5901
8/30/2022,84957.01563,85851.56403,84335.04899,84489.30829,14199
9/1/2022,84735.875,85572.00859,84096.19653,85035.6854,6632
9/2/2022,83953.78906,85568.38803,83799.63083,85385.01849,7733
9/5/2022,83851.41406,84693.32455,83699.39402,84483.33288,4058
9/6/2022,84850.28125,85479.50991,84008.66615,84374.31667,11784
9/7/2022,84726.46875,85500.4088,84494.28674,84494.28674,5967
9/8/2022,84988.30469,86036.7702,84812.74923,85189.93805,7893
9/9/2022,83805.64063,85579.0783,83611.52582,85428.15455,6406
9/12/2022,85398.23438,85489.49927,83847.38432,84145.95068,8568
9/13/2022,85142.42188,85937.35485,84907.34751,85589.12849,5533
9/14/2022,85660.39844,86030.9629,83349.78987,83349.78987,9618
9/15/2022,92424.65625,93438.33572,85275.67892,86074.69384,66242
9/16/2022,85701.34375,92754.6248,85306.38862,92048.01768,52693
9/19/2022,85940.13281,87181.37578,84195.71223,86882.76278,35699
9/20/2022,85251.66406,86970.4115,84649.10413,86578.29425,17796
9/21/2022,83878.88281,86085.63808,83602.51455,85488.50537,17007
9/22/2022,84107.65625,84792.86621,83001.46763,84195.73335,14055
9/23/2022,82204.42969,84693.33036,81777.23096,84494.28611,16345
9/26/2022,78778.03125,82005.73602,78313.91603,82005.73602,17075
9/27/2022,79449.54688,81057.07785,79070.32096,79320.07482,18319
9/28/2022,80032.40625,80715.12798,78932.43804,79443.53077,15206
9/29/2022,79241.50781,81547.23334,78423.43593,80715.43051,16538
9/30/2022,81264.33594,81738.61326,78645.01482,79697.31351,15688
10/3/2022,80238.98438,81707.68246,79717.23952,81707.68246,9872
10/4/2022,82429.65625,82603.36902,80889.24804,81505.63991,10705
10/6/2022,82046.19531,83455.38208,81859.94119,82840.23422,10841
10/7/2022,82374.10156,82593.35344,81412.11928,82104.74652,8103
10/10/2022,81908.80469,82304.80169,80833.8646,81433.98305,8792
10/11/2022,80693.58594,82685.9257,80349.44152,82318.38581,10869
10/12/2022,82087.54688,82241.15306,80812.11637,81097.09954,8355
10/13/2022,81719.95313,82304.79331,81309.57211,81976.22258,8430
10/14/2022,80961.39844,82802.41007,80623.17093,82593.4136,7118
10/17/2022,81874.8125,82246.12332,80402.97362,81001.05492,8749
10/18/2022,82691.08594,82901.9251,82032.8482,82274.93575,5618
10/19/2022,82752.10938,84096.20243,82105.75977,82707.86868,9220
10/20/2022,83769.55469,84096.18939,82702.87974,82702.87974,12767
10/21/2022,85812.74219,87766.4624,83807.62036,83807.62036,36192
10/24/2022,85879.17969,87511.99562,85479.55171,86901.72285,3801
10/25/2022,86925.45313,87280.8948,85696.1062,86284.67843,14532
10/27/2022,86945.35156,87877.02622,86235.90666,87778.49934,10885
10/28/2022,88941.21875,89122.05354,86881.81074,86942.51923,26116
10/31/2022,90333.24219,90813.93402,88873.29935,88941.22319,16620
11/1/2022,90396.15625,91659.83854,89868.48679,90366.09746,14548
11/2/2022,90187.75,91062.7517,89976.31989,90753.23787,11945
11/3/2022,90224.92969,91061.76316,89868.4927,90142.17858,8267
11/4/2022,90812.09375,91062.74177,90067.52055,90565.13116,6468
11/7/2022,94446.59375,95541.236,90950.73153,91259.79436,28285
11/9/2022,86601.60156,91559.79286,85491.12924,91012.96554,80686
11/10/2022,87050.66406,87925.61133,84693.33463,86601.62487,24162
11/11/2022,85744.67188,88434.10937,85444.81485,88067.12156,17194
11/14/2022,85768.01563,86335.43944,84792.84657,86173.42054,13612
11/15/2022,87155.75781,87430.19008,85768.0228,86196.8621,19773
11/16/2022,87266.98438,87878.05032,86584.51129,87131.63426,9638
11/17/2022,87473.42969,87731.74506,86726.78613,87582.45678,8525
11/18/2022,87674.75781,87975.47274,86994.99822,87581.49925,6997
11/21/2022,88674.46094,88972.83536,86806.16463,87881.04033,11462
11/22/2022,88534.13281,89373.92613,88080.09423,88582.69816,9016
11/23/2022,88550.98438,89228.6054,88265.15176,88886.19098,6407
11/24/2022,88980.45313,89174.87781,88266.41185,88775.78042,6000
11/25/2022,89478.03125,89959.13611,88578.71701,88940.98993,9260
11/28/2022,91099.5,91532.63823,89503.35925,89572.98047,13196
11/29/2022,92125.95313,92359.69038,91464.00728,91563.48616,11792
11/30/2022,93113.65625,93656.97241,91831.22298,92359.70361,17300
12/1/2022,93877.95313,94699.73853,92792.23068,93553.99753,16380
12/2/2022,94105.57031,94537.30894,92791.63118,94041.67181,11977
12/5/2022,94224.50781,94791.74892,93606.20544,94262.57633,8584
12/6/2022,94068.44531,94350.20365,93613.76137,94150.15733,6816
12/7/2022,92444.67969,94624.78629,92177.10376,94250.62475,13731
12/8/2022,90660.19531,93036.42185,89821.79378,92658.27147,14507
12/9/2022,91076.52344,91563.49881,89637.8273,90875.77731,10766
12/12/2022,90960.00781,91294.76347,90170.1717,91294.76347,6440
12/13/2022,90538.32813,91462.96695,90171.12557,91021.0736,5928
12/14/2022,90732.91406,91511.04832,90512.26282,90792.17841,4831
12/15/2022,90441.70313,91264.88048,90072.61108,90707.58407,5201
12/16/2022,88689.9375,90298.27008,88179.62034,90091.50579,8992
12/19/2022,89490.32031,89802.83046,88116.56482,88690.18174,5089
12/20/2022,88582.6875,89771.91636,88279.13467,89771.91636,7210
12/21/2022,87774.5,89473.44737,86864.63454,88875.29896,7768
12/22/2022,87774.30469,88477.95021,87085.83681,87781.56694,5601
12/23/2022,85662.63281,87721.81636,85367.29075,87721.81636,7258
12/26/2022,87180.97656,87954.63978,84796.78821,85395.34093,6899
12/27/2022,87672.21094,88070.16543,87084.86242,87582.4902,5533
12/28/2022,87506.07031,88169.65671,87084.82856,87343.5949,5192
12/29/2022,87152.46875,87482.94016,86200.50706,87482.94016,6365
12/30/2022,88115.375,88826.53153,87395.60329,87482.93694,6766
1/2/2023,87633.4375,88324.2925,87462.75119,88179.63057,4248
1/3/2023,88454.46875,88698.1586,87545.35735,87978.48784,4793
1/4/2023,87594.67188,88650.93338,86983.33621,88470.24786,7515
1/5/2023,90842.71875,91463.96021,88022.3208,88080.09225,22626
1/6/2023,92699.57813,92956.85164,90128.13371,91145.48686,28710
1/9/2023,93004.23438,93552.76786,92461.22145,93155.90975,8191
1/10/2023,93717.17188,94031.7192,92652.19429,92807.5552,11295
1/11/2023,90709.5625,93951.95668,90319.42241,93813.76392,12684
1/12/2023,89093.51563,91228.58713,88152.75052,91163.14909,13853
1/13/2023,89287.28906,90219.8899,88733.274,89274.3974,13692
1/16/2023,88805.00781,90249.37236,88577.73966,89672.52072,9198
1/17/2023,89101.97656,89539.04139,88587.72501,89257.33748,6548
1/18/2023,89768.89063,89971.02852,88856.34264,88936.00971,6516
1/19/2023,90054.67969,90467.71063,89392.83492,89571.98087,5767
1/20/2023,89132.07031,90766.17828,88832.1486,90054.67189,7211
1/23/2023,89852.00781,90110.17551,89254.45802,89568.01013,4493
1/24/2023,89985.52344,90517.88402,89617.8232,90070.61778,4227
1/25/2023,89146.75781,90006.90719,88010.02854,89871.55248,5737
1/27/2023,87842.32813,89240.31191,86498.9823,89214.68409,9731
1/30/2023,88840.375,89779.0019,87644.92556,87940.76522,7747
1/31/2023,90438.25781,90657.8127,88980.85404,89075.35665,11151
2/1/2023,91525.13281,92508.98943,90292.10468,90568.2414,11990
2/2/2023,92376.96875,92558.75059,90620.63847,91264.91859,7087
2/3/2023,92412.79688,93005.61918,91016.10369,93005.61918,8666
2/6/2023,92238.125,92799.05245,91774.03278,92344.76505,6467
2/7/2023,91304.57031,92260.1631,91115.61955,92160.63757,5791
2/8/2023,91837.83594,92046.04647,90309.32583,91195.25085,5787
2/9/2023,88391.67188,92658.28548,86936.56171,91837.1997,36042
2/10/2023,88648.28125,89549.98253,87707.5162,88577.71921,10500
2/13/2023,88382.5625,88983.79786,87781.5293,88983.79786,7364
2/14/2023,87632.24219,88836.50128,87084.85169,88836.50128,6328
2/15/2023,88433.86719,88651.5793,87632.23564,87970.62246,6123
2/16/2023,88792.50781,89544.82763,88301.25594,88378.68371,8304
2/17/2023,88318.66406,89242.55649,88129.86101,88697.15656,4351
2/20/2023,88757.96875,89572.9818,88296.17027,88577.72645,5810
2/21/2023,89533.39844,90018.89721,88701.38364,89225.65202,6804
2/22/2023,87245.32813,89575.99921,87087.77701,89534.19707,10970
2/23/2023,86322.23438,87833.23032,85595.82138,87584.40815,10316
2/24/2023,86391.76563,87049.94698,86241.7725,86938.47464,4732
2/27/2023,84741.97656,86377.135,84402.52865,86377.135,7189
2/28/2023,84854.9375,85493.51633,84241.24089,85161.883,9473
3/1/2023,85663.125,86037.70354,84427.87037,85250.72548,6829
3/2/2023,86393.75781,86739.4185,85594.83639,86072.57501,4710
3/3/2023,85956.27344,86987.64145,85794.78783,86591.11995,5234
3/6/2023,86306.8125,86838.94207,85992.94664,85992.94664,4610
3/8/2023,86344.08594,86788.1869,86063.76441,86149.2115,4988
3/9/2023,85193.63281,86758.37452,84957.85046,86391.0663,6402
3/10/2023,84710.21094,85146.89381,83953.58943,85097.07495,4951
3/13/2023,82684.90625,85188.30636,82422.30553,84927.99169,7256
3/14/2023,82103.66406,83267.75547,81892.76391,82997.09133,6817
3/15/2023,81720.27344,82807.02765,81588.14886,82800.06063,4360
3/16/2023,82749.00781,83107.60724,80996.64643,81714.20297,7114
3/17/2023,82511.23438,83162.35545,81663.45044,83162.35545,10903
3/20/2023,83166.27344,83294.66567,81847.91253,83162.33894,5263
3/21/2023,83351.46875,85306.21626,82840.0924,83206.15656,6860
3/22/2023,84002.21875,84101.89536,83280.82883,83504.72214,2961
3/23/2023,83768.125,84379.33336,83604.25227,83951.60803,2966
3/24/2023,83483.32031,84379.5311,83305.66129,84051.08584,3982
3/27/2023,83315.39063,84151.5811,83023.97313,83482.84799,3643
3/28/2023,81977.30469,83856.95407,81836.16808,83503.72767,4242
3/29/2023,81625.625,82311.87663,81401.18738,81514.15265,5133
3/31/2023,83651.25,84046.17753,81701.52566,82033.70334,5856
4/3/2023,84003.21875,84151.66451,83357.42408,83651.23644,2396
4/5/2023,83554.39063,84347.23921,83435.05706,83887.12032,2944
4/6/2023,83609.78125,84101.90492,82933.18702,83604.26051,3733
4/10/2023,84000.82813,84380.57742,83355.43005,83355.43005,3582
4/11/2023,84218.35156,84896.43871,83897.16876,84202.4736,3034
4/12/2023,85053.64063,85390.00155,84350.71798,84401.37662,4928
4/13/2023,85114.0625,85296.29365,85004.9773,85295.25171,2496
4/17/2023,84974.13281,85296.2565,84600.54958,85096.20344,2573
4/18/2023,86412.32031,87082.79507,85084.70611,85097.19388,6492
4/19/2023,85432.83594,86932.19155,85293.24671,86590.10775,2897
4/20/2023,86095.11719,86459.94496,85606.92803,85872.5224,2998
4/21/2023,86109.80469,86540.36821,85684.56751,85893.43044,3418
4/24/2023,86486.78125,86789.20137,85893.44126,86535.40267,3160
4/25/2023,86153.64844,86988.19813,85680.43525,86689.65813,3991
4/26/2023,86820.25781,86921.47404,85992.97048,86142.26383,4413
4/27/2023,87043.875,87187.29767,86401.01953,87084.78292,3368
4/28/2023,88587.45313,88879.27486,86964.33953,87025.40205,7620
5/2/2023,88179.49219,89077.2426,87587.44315,88587.66164,5222
5/3/2023,93119.01563,93945.30748,87902.76158,88369.6531,47192
5/4/2023,94662.71094,95308.85554,92587.98478,93557.14725,28698
5/5/2023,98149.45313,98508.35581,94054.78848,94662.70775,44972
5/8/2023,97270.21875,99462.69221,96939.38631,98155.38039,26682
5/9/2023,97040.41406,98732.65393,96743.42142,97687.10299,13521
5/10/2023,96771.28125,97737.35673,96120.05915,97737.35673,9964
5/11/2023,96902.32031,97777.17924,96742.0788,97239.72324,9435
5/12/2023,96233.625,97339.2431,96144.94321,97299.43155,6319
5/15/2023,96444.38281,97196.27688,94701.73314,96249.40728,9670
5/16/2023,96096.97656,97140.18696,95945.8404,96343.95592,9357
5/17/2023,97195.02344,97438.7681,95846.10394,96081.19425,9469
5/18/2023,96603.42188,97936.40893,96344.04808,97411.14532,8164
5/19/2023,95783.26563,96822.65046,95249.1454,96799.85213,10866
5/22/2023,95459.58594,96098.50686,95223.50035,95902.6838,7085
5/23/2023,95037.78125,95999.37791,94776.66569,95613.40805,9019
5/24/2023,95189.70313,96999.239,94889.37477,95099.83167,13583
5/25/2023,96271.64844,96595.26503,95120.14596,95229.23117,8319
5/26/2023,97420.64844,97708.48905,96146.03349,96279.25444,6694
5/29/2023,97321.53125,97977.12331,97015.77542,97588.06648,4096
5/30/2023,96638.95313,97473.60383,96443.47997,97321.52682,4289
5/31/2023,96753.71875,98185.98598,96194.76301,96449.85242,13323
6/1/2023,97107.64063,97527.31038,96641.54998,96642.54527,3795
6/2/2023,95914.5,97637.84276,95614.96469,97107.64924,7514
6/5/2023,96341.42188,96730.08216,96047.50842,96423.57986,3003
6/6/2023,96180.97656,96791.33741,95774.30001,96431.54052,4249
6/7/2023,97093.50781,98763.00366,96319.21979,96543.01203,10781
6/8/2023,96620,98134.47964,96443.48398,97150.13902,9411
6/9/2023,97927.41406,98133.38442,96692.30731,96805.77023,8604
6/12/2023,98502.27344,98931.69384,97690.32005,97871.81249,7627
6/13/2023,99521.75781,99966.75296,98683.07932,98683.07932,16655
6/14/2023,99642.48438,99926.98922,98931.70048,99521.9067,9786
6/15/2023,99609.5,100374.4805,99241.24314,99627.4152,8297
6/16/2023,99421.88281,100220.5554,99080.49877,99611.48532,9713
6/19/2023,99288.21875,100176.8094,99088.01019,99528.87646,4964
6/20/2023,98880.14844,99727.93228,97817.07897,99727.93228,8914
6/21/2023,99949.09375,100474.4041,99015.6606,99178.53805,10714
6/22/2023,99397.96094,100424.6481,99031.24364,99927.00363,5564
6/23/2023,99023.32813,99505.99658,98414.21133,99505.99658,4670
6/26/2023,99483.73438,99608.39429,98605.04217,99329.76788,3699
6/27/2023,99122.05469,100027.472,98832.17683,99429.3501,7862
6/28/2023,99914.25781,100225.4333,99130.76337,99420.64123,4178
6/30/2023,100783.4375,101169.4074,99549.03062,100124.0587,9620
7/3/2023,99428.79688,101407.9751,99130.75456,100596.8148,9229
7/4/2023,98681.79688,100006.6275,98533.59991,100006.6275,5734
7/5/2023,99719.17188,99827.45617,98632.11445,99130.75409,5430
7/6/2023,100829.2188,101407.9792,99572.16907,99742.86109,8593
7/7/2023,100750.7422,101494.5262,100205.6738,100703.3182,6354
7/10/2023,100128.8828,101362.4887,99927.23576,100700.3263,5534
7/11/2023,101449.9844,101733.3384,100336.1008,100474.2981,7421
7/12/2023,101749.7578,102012.0708,101173.7889,101418.9254,6691
7/13/2023,100786.875,101818.0408,100527.4468,101620.9736,3256
7/14/2023,101659.9844,101917.562,100787.1628,100972.0377,5109
7/17/2023,101507.6563,101859.0476,101340.7976,101659.9899,2065
7/18/2023,101763.7578,102017.0588,101132.3404,101519.4611,3212
7/19/2023,102234.2266,102504.7974,101584.4507,101774.2554,4956
7/20/2023,101583.2813,102418.4585,101287.9878,102185.2239,3770
7/21/2023,101775.7266,101986.1253,101238.1326,101686.0497,2112
7/24/2023,102408.0391,102869.8197,101437.5287,101786.4538,4020
7/25/2023,102210.9375,102383.6087,101686.7554,101888.2363,2053
7/26/2023,101891.2734,102946.3748,101686.755,102683.684,4152
7/27/2023,102088.6641,102582.9928,101557.5034,102309.8343,2542
7/28/2023,102219.2734,102476.4811,101567.8348,101736.8143,2608
7/31/2023,102640.0703,102981.6197,101786.4499,101955.9278,3198
8/1/2023,102968.5625,103252.8898,102192.352,102192.352,3426
8/2/2023,102274.1484,102883.0228,101686.7548,102681.6899,3702
8/3/2023,106644.8359,107269.5599,101088.6469,102287.9057,23043
8/4/2023,110954.7031,111653.0519,106447.4394,108135.8865,26665
8/7/2023,107883.9219,111157.5876,107580.9567,111129.6736,11175
8/8/2023,107304.3047,108496.328,105539.0394,107883.9176,11305
8/9/2023,106090.0938,107667.3367,105674.4756,107304.3066,8607
8/10/2023,106028.9844,106425.4584,105275.75,106073.4957,6482
8/11/2023,105663.7578,106422.1716,105291.2568,106422.1716,4759
8/14/2023,105940.0078,106322.4781,104485.1379,105386.4085,4265
8/16/2023,106136.7578,106322.4826,104512.4099,105176.0142,4641
8/17/2023,106145.9219,106650.7184,105580.5619,105580.5619,4952
8/18/2023,107429.4219,107668.3344,106103.2025,106172.9408,7089
8/21/2023,107467.4063,108266.4449,107237.7621,108166.7987,6810
8/22/2023,108078.8672,108216.5992,107427.0781,107967.4136,3566
8/23/2023,108341.8047,108864.6472,107719.3238,108077.0733,4181
8/24/2023,108261.6484,109063.0313,107774.0022,109063.0313,4788
8/25/2023,108208.6641,108561.281,107668.8738,107795.585,3562
8/28/2023,107955.4453,108566.111,107590.1176,108190.4246,3583
8/29/2023,108478.3359,108665.2601,107918.4123,108020.948,2244
8/30/2023,109257.3906,109441.5187,108478.3373,108664.2646,2943
8/31/2023,108352.4766,109340.184,107933.8676,109340.184,5954
9/1/2023,107652.5234,109163.7197,107228.7274,109163.7197,6574
9/4/2023,107863.1328,108645.3249,107017.885,108165.802,4965
9/5/2023,108186.7266,108465.8667,107556.8155,108120.6333,3494
9/6/2023,109059.7969,109201.5633,107169.8687,107918.0639,8365
9/7/2023,108869.7813,109548.1447,108464.6776,108496.7818,2632
9/8/2023,108524.0859,109084.7105,108266.6836,108964.3313,2652
9/11/2023,109104.3672,109512.6564,108570.5584,109113.8847,3871
9/12/2023,107584.7891,109462.8007,107224.7419,109462.8007,8831
9/13/2023,108723.7344,108856.3259,107146.7406,107776.0053,7363
9/14/2023,110660.3672,110858.5068,108665.263,108665.263,6353
9/15/2023,108898.3906,112381.7617,108206.3739,110659.1152,14149
9/18/2023,108669.2031,109461.5592,107728.1489,109329.2169,7075
9/20/2023,109267.3047,109427.561,107768.0247,108665.2608,4471
9/21/2023,108507.3984,109437.8837,108166.7992,108682.8112,3636
9/22/2023,108321.375,109014.194,108143.9216,108166.8043,3372
9/25/2023,109024.3594,109153.6564,107320.4052,108665.2157,6572
9/26/2023,109382.6484,109642.2005,108646.7669,108964.3355,3557
9/27/2023,109946.7188,110160.6613,108916.3926,109382.6594,2909
9/28/2023,108392.5,109938.8381,107973.4939,109773.8464,7911
9/29/2023,106966.0938,109026.4967,106472.0142,108391.9514,9966
10/3/2023,107961.8828,108267.0911,106223.8305,107817.6241,5523
10/4/2023,106573.1094,107917.3669,106114.226,107917.3669,3710
10/5/2023,106442.6094,107488.8864,106255.7319,106970.4833,3120
10/6/2023,107219.9688,107668.3376,106671.4085,106671.4085,3580
10/9/2023,106937.5391,107353.8504,106078.233,107020.3309,4229
10/10/2023,106874.8828,107678.8516,106672.405,107368.2614,4103
10/11/2023,107407.2813,107830.5321,106969.3802,106990.417,3534
10/12/2023,108351.4766,108515.7206,107578.7553,107768.0239,3311
10/13/2023,108757.7344,108914.5015,107967.5668,108420.0247,3150
10/16/2023,109212.0234,109512.6442,107988.2932,108655.3866,4661
10/17/2023,110545.2109,113090.9157,110271.8499,110360.0314,15221
10/18/2023,109335.9844,110758.7577,109065.0689,110659.1116,5862
10/19/2023,109238.5391,109811.6798,108367.1764,109064.5282,5030
10/20/2023,109168.3125,109708.4455,108565.6144,108834.8398,3657
10/23/2023,108642.6797,110060.9591,108305.5152,109014.1837,9731
10/25/2023,108298.8438,109611.1995,107817.8722,108964.2939,4580
10/26/2023,107151.2266,108366.1871,106747.1276,108366.1871,5675
10/27/2023,107858.5469,108541.6458,107298.8257,107946.4791,3807
10/30/2023,108680.9219,109113.4878,107588.0384,107858.5489,4654
10/31/2023,107965.2109,109163.6753,107575.7155,109163.6753,8331
11/1/2023,108250.3359,108939.4164,108017.0546,108166.7964,3163
11/2/2023,110160.6953,110459.7273,108590.4855,109163.9221,5623
11/3/2023,107392.4219,111456.6518,106970.4717,110409.6739,25427
11/6/2023,107062.0391,108560.5712,106774.2771,108560.5712,7716
11/7/2023,106856.2422,107668.3422,106679.4353,107668.3422,4702
11/8/2023,108015.3594,108366.1771,107000.4857,107498.8489,5787
11/9/2023,107746.2969,108773.8815,107443.4252,107992.8343,5103
11/10/2023,107963.1328,108146.7625,107008.472,107966.4196,3311
11/13/2023,107307.0547,108166.8048,106704.3565,108166.8048,6671
11/15/2023,109043.5938,109174.1447,107481.5073,107966.412,6906
11/16/2023,109960.1172,110160.6479,108665.2545,108685.1931,5724
11/17/2023,111135.9297,112257.1548,109466.1295,109665.1702,11891
11/20/2023,111051.8828,111260.2934,110313.1384,111000.0878,4443
11/21/2023,111095.1094,111409.8048,110545.1946,111060.9169,2888
11/22/2023,110859.2734,111445.6861,110280.8364,110664.2205,3222
11/23/2023,111039.6875,111659.0465,110779.7779,110861.5283,1854
11/24/2023,111108.9688,111210.4558,110430.9841,110662.1299,2854
11/28/2023,111207.4141,111459.6907,110861.517,111060.9082,3104
11/29/2023,111924.8203,112153.8242,111260.3491,111260.3491,5354
11/30/2023,111343.0547,112646.0297,111103.9877,111858.481,13163
12/1/2023,111070.1797,111758.7804,110772.2923,111311.1471,3677
12/4/2023,111167.2344,111758.6319,110518.7689,111659.0842,4689
12/5/2023,113383.6719,114110.6009,110647.222,111350.0294,7340
12/6/2023,113741.5703,114151.4205,113105.4111,113373.8415,3569
12/7/2023,117051.1641,118637.7729,113497.5687,113742.7186,11242
12/8/2023,117590.3672,117740.3078,116665.044,117092.4889,7684
12/11/2023,118688.0703,119235.9444,117258.0848,117590.9669,9161
12/12/2023,119139.1406,119984.6606,118538.0774,118688.0725,8705
12/13/2023,119420.6406,119702.4832,118783.3364,119136.2589,3862
12/14/2023,120191.8281,120631.6883,119186.1487,119584.8844,4276
12/15/2023,119718.5156,120824.4436,119486.5754,120192.8175,4857
12/18/2023,119055.1484,119910.8873,118949.1751,119720.4686,3968
12/19/2023,118423.0313,119634.7301,118206.5438,118949.572,4139
12/20/2023,116961.8516,119234.0081,116643.8693,119136.2597,4608
12/21/2023,117217.3125,117369.5975,115148.4729,116644.8105,4166
12/22/2023,119180.4141,120332.5526,117541.169,119295.765,12705
12/26/2023,119903.2578,120132.2072,119336.6363,119913.8738,2962
12/27/2023,120670.1172,120974.5393,119634.7315,119903.2632,4444
12/28/2023,125478.2422,126245.1507,120631.6881,120863.9789,13240
12/29/2023,129184.8281,130002.4334,124703.9075,125716.1685,17516
1/1/2024,129029.5859,130336.4006,128607.3283,129175.5933,9043
1/2/2024,129596.6172,129873.0778,126869.7475,129055.971,8846
1/3/2024,130198.3281,130556.3833,128607.3342,129345.0817,7203
1/4/2024,131109.4531,131548.3631,129752.8451,130102.7767,6833
1/5/2024,132297.2969,133093.6621,131199.3992,131199.3992,8182
1/8/2024,131519.0313,133193.2787,130800.631,132994.9312,7613
1/9/2024,131291.5938,132694.8562,130802.836,131598.2045,5777
1/10/2024,131427.1563,131797.214,129813.676,131696.9264,5915
1/11/2024,132962.0469,133218.2646,131600.9058,132055.8137,4736
1/12/2024,133942.1406,134230.074,132257.5341,133460.5174,6940
1/15/2024,135537.3125,136383.5256,133243.2078,134288.9679,8379
1/16/2024,136178.9219,137380.5499,134803.7144,134803.7144,7490
1/17/2024,134467.75,149796.8078,133592.1732,135814.3418,37455
1/18/2024,137168.3906,137530.0364,133342.8679,135984.8013,14497
1/19/2024,139007.5469,139569.8302,137613.1946,138572.2197,10260
1/23/2024,140568.0781,147399.767,139395.6577,145342.252,22069
1/24/2024,139345.5938,141567.6063,135690.9553,141468.0665,17366
1/25/2024,136441.3594,140171.9688,135718.6597,140029.4508,13504
1/29/2024,143435.6563,143711.2211,135918.0621,136440.5761,26375
1/30/2024,140191.7969,144309.3809,139577.8278,144209.6853,13414
1/31/2024,142143.4219,142410.1544,140072.4324,140570.817,11634
2/1/2024,142044.125,143910.6295,141269.6925,143063.2168,12544
2/2/2024,140512.8281,143062.6523,140019.7866,142564.7195,12058
2/5/2024,141214.5938,143536.0995,139983.8982,142450.0716,19822
2/6/2024,142951.25,143162.9007,141329.5918,141812.0251,8245
2/7/2024,142561.5156,144386.6928,142098.1336,143945.4931,7534
2/8/2024,142049.3906,143412.1362,141577.7837,143412.1362,7121
2/9/2024,136666.0781,143312.4419,135885.1188,143312.4419,26614
2/12/2024,143365.0156,144328.9163,137136.2837,137181.1467,40809
2/13/2024,144187.1719,144963.8941,142066.8332,144361.2342,15951
2/14/2024,146836.1719,147584.8859,142333.8249,143661.3654,11908
2/15/2024,148057.7656,149742.1849,146602.3658,147549.4739,16290
2/16/2024,147603.8438,148745.857,147050.9381,148394.9285,9418
2/19/2024,148449.0469,149094.7317,147650.1891,148544.8637,11657
2/20/2024,148173.6875,148484.6911,146681.696,147902.422,6520
2/21/2024,149233.3438,150338.7412,148250.3719,148250.3719,12528
2/22/2024,149710.4219,150284.1816,148452.7832,148754.8203,7334
2/23/2024,150269.2656,150987.0886,149596.3066,149710.4604,7594
2/26/2024,147926.1094,150767.4918,146929.5381,150393.875,24255
2/27/2024,146704.2031,149197.4848,145666.1951,148449.7526,11115
2/28/2024,145586.8438,148050.9639,145259.4305,147053.9877,9984
2/29/2024,145639.8281,146642.646,144309.0207,145857.6207,58201
3/1/2024,144747.0156,147054.019,143664.2993,145639.8547,8313
3/4/2024,145703.875,146356.0999,144178.4547,145184.6529,9680
3/5/2024,144956.5938,146700.0091,144561.542,146056.9594,4157
3/6/2024,145299.4219,145708.042,143564.5896,145139.8122,5515
3/7/2024,143521.375,145295.2451,143094.2174,145295.2451,7336
3/11/2024,144512.4063,144897.831,143450.6266,144063.0659,10522
3/12/2024,141846.4375,144207.1213,141171.8273,144207.1213,6303
3/13/2024,138637.2188,143066.083,137330.3855,141846.4384,9846
3/14/2024,139877.4531,142491.2286,138479.9885,138679.3838,7838
3/15/2024,140884.7813,142201.5379,137129.9655,140075.1896,23415
3/18/2024,136598.4688,140872.7555,135887.8739,140872.7555,16839
3/19/2024,132278.5469,136575.7633,131750.5545,136575.7633,13171
3/20/2024,131114.9844,133633.7356,129222.6691,132278.845,14354
3/21/2024,131185.7188,132567.8394,130649.2988,131622.7994,10316
3/22/2024,130905.9219,132348.4997,130105.3967,131301.7682,11040
3/26/2024,131247.3281,131917.2338,130304.8274,131595.8648,7707
3/27/2024,131410.8594,133439.2077,130867.1022,131600.8768,7985
3/28/2024,132984.0156,133594.8194,131601.3653,132487.1787,10442
4/1/2024,135308.9688,136575.6894,134148.1924,135583.7915,12671
4/2/2024,136678.2656,137074.221,134498.782,135887.866,7756
4/3/2024,135778.9063,137139.0312,135588.7797,136784.1544,6928
4/4/2024,134951.6406,136702.6267,134692.4736,135985.5516,5388
4/5/2024,135054.9844,135688.4693,134093.3073,135279.7091,6537
4/8/2024,132307.1563,135388.3576,130379.7989,134399.3573,15744
4/9/2024,132521.7656,133584.5422,132277.8959,132518.0737,3764
4/10/2024,132278.3906,133483.0961,131850.0959,133096.3161,4292
4/12/2024,131318.2344,132946.2967,131102.389,132597.8535,4795
4/15/2024,129052.3906,131002.1802,128779.4216,131002.1802,8752
4/16/2024,129762.5781,130293.5225,127614.0945,128111.4376,6799
4/18/2024,128840.7344,131105.4594,128613.7743,130354.5961,4811
4/19/2024,128767.1094,129129.409,126927.143,128531.1765,6377
4/22/2024,128629.9141,131252.9117,128319.909,129507.2064,6055
4/23/2024,128835.9531,129710.6985,128365.6296,129108.4236,5398
4/24/2024,128135.8203,129754.0607,127937.017,129046.4023,4696
4/25/2024,129240.7344,129481.9014,127812.3633,128111.4562,5828
4/26/2024,129843.9453,130354.6464,129240.7279,129307.8213,3735
4/29/2024,130425.7344,130843.1715,130005.7114,130603.8972,3233
4/30/2024,132617.2344,135172.4377,130656.3768,130656.3768,14637
5/2/2024,133457.2031,134591.809,132099.3681,133633.1695,9911
5/3/2024,128171.6563,133893.9023,127381.5526,133893.9023,32315
5/6/2024,126093.0781,129058.5842,124623.1378,129058.5842,16067
5/7/2024,124138,126602.0735,122738.8451,126093.0704,13141
5/8/2024,126294.6016,126805.5519,123465.5336,124137.994,9470
5/9/2024,125843.4688,127313.7594,125419.6059,125918.094,7038
5/10/2024,127209.8828,127464.361,125163.8383,126316.8881,5922
5/13/2024,128492.1953,128809.1325,125243.2989,127209.8891,9777
5/14/2024,127807.3203,128609.9329,127313.8638,128310.84,5329
5/15/2024,127060.0859,128161.2462,126917.0199,127612.956,6132
5/16/2024,128574.3281,128759.4697,126665.8198,127169.2928,6690
5/17/2024,128753.1016,129197.3012,128011.7485,128510.2366,9747
5/21/2024,129228.8203,129599.2438,127174.3013,127174.3013,7993
5/22/2024,129089.7344,129806.3111,128609.9395,129257.9741,7108
5/23/2024,129767.1719,130190.139,128660.8243,129089.7265,11228
5/24/2024,130643.3125,131099.3824,128578.232,129756.4554,8423
5/27/2024,130557.7656,132398.4328,129757.443,130404.4805,16733
5/28/2024,128718.8047,131100.5809,128609.9318,130902.9771,5327
5/29/2024,127760.3516,129307.7598,127533.189,129108.4113,5173
5/30/2024,125086.6641,127615.4475,124671.8752,127612.955,8549
5/31/2024,125052.2188,126516.2315,124649.4871,125718.6973,14691
6/3/2024,126586.4609,128510.2277,126317.0281,128510.2277,17642
6/4/2024,121534.5938,126615.979,115996.0404,126615.979,19731
6/5/2024,127572.7891,127940.3228,121647.9537,122777.6291,9992
6/6/2024,125750.6563,128308.5001,125552.7565,128111.4493,10281
6/7/2024,126895.5938,127064.628,125421.1126,125750.6599,7440
6/10/2024,126579.375,127812.3385,125668.2401,127811.3415,14250
6/11/2024,125877.1172,127114.4659,125673.8353,126586.0685,4595
6/12/2024,125696.2266,126516.2863,125449.5684,126017.7981,5185
6/13/2024,125698.3672,126381.9891,125470.6048,125720.1527,2995
6/14/2024,125200.9688,125944.012,125007.8513,125697.7589,5958
6/18/2024,125467.6641,125947.9573,125200.9729,125200.9729,3439
6/19/2024,124570.9297,125816.3555,124372.7807,125519.3033,3973
6/20/2024,125919.2422,126316.8877,124238.5428,124821.4234,6497
6/21/2024,124910.4531,126715.6811,124622.031,125918.1001,7878
6/24/2024,124866.5859,125962.3641,124123.5427,125313.9323,9053
6/25/2024,126570.9609,127383.6445,125080.9255,125618.9967,6690
6/26/2024,125546.6797,127094.532,125420.1104,127094.532,5775
6/27/2024,124832.3984,125772.9988,124422.6879,125546.6852,6984
6/28/2024,129067.6953,130441.7778,125020.774,125131.4851,21408
7/1/2024,129275.8672,130105.3981,127315.3602,129208.618,11010
7/2/2024,128297.9844,129566.9872,127737.6837,129377.6084,6210
7/3/2024,128538.0469,128933.9944,127612.9542,128831.7576,6825
7/4/2024,128129.2422,128759.4791,127443.5173,128585.0083,4989
7/5/2024,128561.125,130254.9408,127812.3491,128111.442,7882
7/8/2024,128381.7266,130833.6883,127671.7315,128783.4067,20120
7/9/2024,130953.375,131251.8759,128370.4588,129108.4237,7879
7/10/2024,130476.7344,131599.8749,127812.3619,131599.8749,7283
7/11/2024,130210.9766,130935.8328,129886.0636,130006.6977,3872
7/12/2024,129298.7422,130603.8386,128830.4126,130215.0646,4312
7/15/2024,130864.9297,133943.7479,129826.2363,129826.2363,16952
7/16/2024,132778.8906,133076.3946,131002.6839,131451.3232,8534
7/18/2024,131900.7969,132772.1541,130390.5337,132299.8366,5679
7/19/2024,127736.125,131850.1005,127114.4636,131850.1005,18338
7/22/2024,130578.4531,131162.1827,126217.3289,127736.1208,19170
7/23/2024,131605.5625,133331.6712,125843.9351,130106.4061,18946
7/24/2024,136857.5781,137459.0975,130559.5701,131072.6234,22893
7/25/2024,137368.1875,139769.2151,134283.2335,134283.2335,17629
7/26/2024,138646.3906,139098.2701,135986.3904,137667.6279,13182
7/29/2024,139030,140251.7295,138276.6233,138656.5096,12647
7/30/2024,139712.7969,140273.3912,139029.9937,139035.3912,7514
7/31/2024,142019.6094,142268.005,139724.2707,139724.2707,11737
8/1/2024,140039.9219,143617.8917,139374.8401,142231.7248,8618
8/2/2024,138137.1875,140423.1508,137778.4233,140038.7718,6267
8/5/2024,136248.5,137677.5977,135056.8313,136579.3718,9577
8/6/2024,135454.4844,138775.8222,135081.7895,135805.6203,7917
8/7/2024,134388.3906,138449.6264,133989.5818,137278.222,6772
8/8/2024,140165.125,142270.1776,131787.1119,134283.0799,39876
8/9/2024,136690.8906,141022.0347,135181.6256,140165.122,17910
8/12/2024,137064.0938,138276.6351,134283.086,136878.8929,15138
8/13/2024,137266.2031,138276.6177,136799.0047,138076.8935,4734
8/14/2024,135751.1406,137927.1252,135304.2532,136883.8575,6578
8/16/2024,135867.7188,137456.2463,134404.9255,137028.6402,9943
8/19/2024,134706.1563,136778.3091,134283.5888,136060.219,9128
8/20/2024,135653.8906,135998.9893,134833.1697,135381.2842,4051
8/21/2024,137609.0469,137777.4311,135081.7857,135081.7857,6885
8/22/2024,139389.3906,139672.3866,137216.1511,137216.1511,5436
8/23/2024,138296.1719,140273.3839,138008.3868,139274.9968,5657
8/26/2024,139099.75,140273.4009,138138.0067,139773.755,9279
8/27/2024,138583.7344,139624.4127,138225.6253,139135.2497,4576
8/28/2024,136635.5625,139275.0016,136266.2061,139275.0016,6441
8/29/2024,134204.2969,137091.383,133174.8661,136779.0438,10344
8/30/2024,134616,135271.488,134183.2459,135181.6332,10322
9/2/2024,133978.8281,135859.2437,133783.893,135231.5545,6841
9/3/2024,134202.2031,134580.5919,133823.8144,134532.6693,4691
9/4/2024,135108.6406,135241.3169,133839.2382,134181.2326,4118
9/5/2024,135797.7188,136445.5784,135281.459,136030.2494,3971
9/6/2024,134044.2031,136479.5189,133826.2583,136130.0834,3820
9/9/2024,133763.2031,134782.26,132386.1309,134782.26,6107
9/10/2024,135540.4688,136140.0003,134039.1438,134632.5291,5084
9/11/2024,135127.6563,136429.5999,134923.8293,136000.2934,5167
9/12/2024,135742.9531,136255.9681,135281.4487,135578.968,3413
9/13/2024,137132.4531,137378.0564,135581.0527,136180.0384,4948
9/16/2024,136206.9844,138285.6267,135880.5117,137577.7701,5576
9/17/2024,135001.0938,137042.9356,134835.1119,136828.9375,2915
9/18/2024,134026.2031,135471.1659,133085.0203,135471.1659,4978
9/19/2024,136127.7031,136629.2991,133906.6502,134482.7665,7839
9/20/2024,135715.1563,136597.6212,134882.1426,136279.8377,13578
9/23/2024,137013.4688,137278.2442,135830.5827,135830.5827,5664
9/24/2024,137590.7344,137777.386,136529.4488,136988.7069,5250
9/25/2024,138931.7031,139630.0749,137078.6968,137126.4634,8665
9/26/2024,138628.2344,139275.0334,137474.9878,139025.4365,8335
9/27/2024,140746.5313,142154.2571,138153.8135,138476.2926,12240
9/30/2024,138290.25,141656.0002,137977.1464,140772.5836,6269
10/1/2024,140036.6719,140220.5623,138726.086,139374.8348,3931
10/3/2024,135884.8281,139668.8714,135705.1808,137777.427,7483
10/4/2024,133193.5938,136562.1991,132785.503,136379.697,10223
10/7/2024,131026.1719,135281.4537,130344.4295,135158.6521,7958
10/8/2024,131927.0781,132370.0032,130639.0573,131387.7463,5944
10/9/2024,132369.4844,133773.919,132237.2449,133584.2254,4681
10/10/2024,132001.2031,133474.3701,131787.0959,133384.5152,3208
10/11/2024,131984.3906,132204.3478,130939.6876,132186.4704,3353
10/14/2024,131700.5313,132685.6429,131039.5054,131984.3696,5429
10/15/2024,130815.9219,132286.2497,130638.9578,131701.2417,6023
10/16/2024,130283.3281,131066.36,129321.1325,130788.9644,5437
10/17/2024,129602.3828,130738.6956,129191.2969,130210.6502,3163
10/18/2024,129235.875,129740.4115,128410.5598,129590.6534,3964
10/21/2024,128036.1172,131787.1045,127844.5205,129890.1689,9788
10/22/2024,126203.3828,128781.9674,125896.6283,128781.9674,5713
10/23/2024,125291.5547,126550.5677,124786.8154,125896.6241,6712
10/24/2024,123931.0078,125796.6425,123750.0969,125397.4359,5151
10/25/2024,122553.8125,124660.9085,121678.4766,123930.9939,6300
10/28/2024,122892.4219,124097.5219,122621.2038,122701.7767,5059
10/29/2024,122310.2734,123200.983,120555.2569,123199.9846,5946
10/30/2024,121792.6094,122964.7628,121104.4164,122002.9181,6372
10/31/2024,122326.8516,122774.4254,121307.0458,121903.083,4359
11/1/2024,123131.3984,123300.2819,122302.4406,122302.4406,927
11/4/2024,120681.7969,123630.5802,120305.6545,123550.4128,9772
11/5/2024,119337.3672,121048.3532,117809.6866,120606.1691,9899
11/6/2024,121417.4063,121644.2897,119651.7117,119651.7117,6948
11/7/2024,120830.7578,122136.344,120037.1882,121703.395,5330
11/8/2024,119161.8047,121053.9045,117211.7048,120804.8537,15073
11/11/2024,122847.1484,124952.1932,119856.3783,119907.2961,23062
11/12/2024,120729.125,123907.5453,120522.412,123500.4997,8804
11/13/2024,120289.3906,121463.7436,119731.885,120705.0161,7941
11/14/2024,120357.3281,121704.4021,120089.0116,120205.8229,5012
11/18/2024,120666.1719,120979.213,118832.1815,118896.0314,6728
11/19/2024,122755.3516,123997.3214,120379.3807,120708.0064,9833
11/21/2024,123313.75,123902.8676,121557.6917,122904.5025,6696
11/22/2024,124399.125,124544.6903,122343.4963,123465.6099,6464
11/25/2024,124294.6563,125999.5929,123803.0865,125799.9105,14605
11/26/2024,123976.0078,125550.0042,123803.1265,124501.9681,4556
11/27/2024,124336.4453,125100.9793,122914.7534,123952.8523,5246
11/28/2024,123465.9688,124491.9384,123261.9885,124350.2107,6135
11/29/2024,125052.3906,125232.9082,122507.7896,122804.6689,8271
12/2/2024,125160.2734,125241.644,124063.6661,124901.3337,5110
12/3/2024,125385.6094,125696.6693,124696.1591,125300.6976,5200
12/4/2024,126639.9688,126998.0008,125126.0798,125600.2241,7926
12/5/2024,130553.8438,131001.6315,126365.0532,126698.476,13817
12/6/2024,130428.0938,131990.0625,130209.0983,130692.1269,7588
12/9/2024,131941.5469,132961.0191,130592.8327,131031.588,7413
12/10/2024,132247.9063,132907.9034,131438.1941,132888.6372,6593
12/11/2024,132306.9688,132589.1137,131641.8704,131891.2238,3350
12/12/2024,131662.9688,132570.8683,131446.5006,132389.4069,3243
12/13/2024,133023.6719,133288.0015,130692.1771,131790.3835,5396
12/16/2024,132320.0469,133230.8951,132089.9129,133028.6698,2755
12/17/2024,130768.5938,132320.0712,130456.59,132320.0244,4757
12/18/2024,130204.1953,131290.5143,129893.3928,130791.9635,3584
12/19/2024,129636.8984,129897.3357,128683.3137,128795.1358,3035
12/20/2024,127854.5469,130452.6178,127353.5468,129636.9152,9524
12/23/2024,130138.9063,130292.7631,127856.6379,127856.6379,4229
12/24/2024,130136.2188,130971.6868,129743.64,130971.6868,2554
12/26/2024,130995.8281,131291.1552,129683.7122,129683.7122,5181
12/27/2024,131344.8906,132464.2665,130722.0843,130791.9732,4886
12/30/2024,130933.4688,131664.1502,129294.3262,130747.0153,10148
12/31/2024,130427.3984,131191.3318,129346.2665,130781.9829,3714
1/1/2025,129169.0391,130581.5423,128795.1338,129793.5457,2343
1/2/2025,129006.6094,129632.8633,127597.0544,129494.0372,7133
1/3/2025,126161.8281,129593.8692,124927.0422,129094.6632,8718
1/6/2025,122674.8359,126717.7025,122115.772,126598.6419,7675
1/7/2025,121029.6406,124032.7155,120508.4228,123253.9542,8586
1/8/2025,119678.9297,121806.1008,118812.0118,121805.1492,7672
1/9/2025,118696.8516,120558.0942,118551.6372,120198.8141,5782
1/10/2025,116918.5703,118910.558,116814.2363,118142.0773,5619
1/13/2025,112824.3438,116814.2008,112521.0293,116814.2008,9530
1/14/2025,114032.0234,114517.8523,112473.2528,112824.3428,8640
1/15/2025,114045.6094,115017.0643,113573.8597,115017.0643,5385
1/16/2025,114281.8203,115116.9373,113956.7826,114617.6845,4528
1/17/2025,113767.6953,114357.2576,113121.1768,114218.2833,3965
1/20/2025,113605.9063,113863.1455,111921.983,113767.6958,5911
1/21/2025,111919.2266,115111.6954,111734.3176,113609.2883,6999
1/22/2025,111422.6172,112823.9351,110350.0732,112820.542,5531
1/23/2025,111562.0547,112021.7766,110374.4436,111223.0938,7377
1/24/2025,111307.5,112488.8709,110835.1576,111822.1345,4615
1/27/2025,111079.7656,111391.5197,109925.1491,111301.9591,4370
1/28/2025,112704.4375,112913.2538,110900.5567,110900.5567,9345
1/29/2025,112156.5625,112621.2687,111422.8233,112171.5855,5682
1/30/2025,112443.6563,113319.7628,111867.4711,112216.4707,7858
1/31/2025,113452.0391,114424.2426,111622.4493,111622.4493,6999
2/1/2025,114002.125,114318.1224,112037.0007,113452.0468,4218
2/3/2025,113612.5938,114807.7475,113219.9214,113918.8098,4291
2/4/2025,114752.1875,114824.7674,112931.3804,113818.9687,5329
2/5/2025,114778.1875,115236.6614,114143.5485,114750.4816,5231
2/6/2025,113947.6563,115216.6378,109825.3147,115017.0569,24120
2/7/2025,112695.8516,115008.9693,112121.8661,112271.4251,9034
2/10/2025,110859.875,113213.2802,110584.1573,112820.5533,6609
2/11/2025,108543.7969,111352.6259,108247.0657,111280.9898,7514
2/12/2025,109220.4219,110791.2748,106166.1316,108543.8028,11043
2/13/2025,109592.6875,110204.714,108866.3428,109825.3175,5402
2/14/2025,109303.9922,110426.1365,108351.2315,109516.808,4673
2/17/2025,109812.3438,110199.1376,107831.4403,109029.5674,5051
2/18/2025,108850.3047,109828.276,108530.3517,109429.9455,3139
2/19/2025,109399.6953,109728.4783,108100.1252,108630.195,3428
2/20/2025,109767.1172,110227.6941,108710.667,109578.7086,3751
2/21/2025,109092.7578,110198.732,108616.2059,109728.4672,5319
2/24/2025,108672.1172,109329.0902,107980.1988,109089.4648,4368
2/25/2025,107036.6328,109074.4473,106832.998,108530.3447,4923
2/27/2025,105558.3906,107711.4781,105086.1835,107231.377,8469
2/28/2025,105209.2422,105484.8582,103662.0591,105315.3732,8766
3/3/2025,105006.1016,106025.1102,103862.6391,105335.3369,4599
3/4/2025,102499.1719,105006.1046,102191.2548,104736.2764,13881
3/5/2025,105640.3672,105797.1222,101964.6598,102185.8687,6770
3/6/2025,107627.0547,108081.0481,106333.8263,106828.5061,5969
3/7/2025,107035.6406,108480.4291,106834.5019,107332.2239,4698
3/10/2025,106484.1484,108029.085,106009.0396,107670.6921,5348
3/11/2025,106368.0234,106693.1714,105411.269,106333.7801,3772
3/12/2025,107096.8359,107308.0058,106143.0769,106832.9984,3589
3/13/2025,104877.6563,107096.8357,104636.4318,107096.8357,9096
3/17/2025,105246.2734,106274.5722,105035.8056,105035.8056,3890
3/18/2025,105246.2734,105246.2734,105246.2734,105246.2734,0
3/19/2025,109751.2344,109927.1625,107831.1421,107831.1421,6057
3/20/2025,110934.4844,111276.052,109989.212,110327.5347,5687
3/21/2025,111875.2656,112623.9001,110869.1431,111266.0695,8367
3/24/2025,113842.8359,114121.6033,112475.4734,112813.6479,5731
3/25/2025,114086.1641,115818.9554,113332.6934,115744.0725,8037
3/26/2025,114142.7813,115319.7384,113722.3369,113948.382,5979
3/27/2025,113087.2656,114021.7579,112269.4971,113825.0654,10576
3/28/2025,112501.8906,114218.4573,111909.4183,113622.3891,7320
4/1/2025,112860.6328,114233.0891,111725.3605,112324.4241,3593
4/2/2025,114957.6484,115095.8777,112598.2819,113223.0553,5030
4/3/2025,114691.1719,114820.5166,113622.3894,114321.2969,3272
4/4/2025,113060.2188,114820.514,112623.9476,114820.514,4440
4/7/2025,110213.2188,110648.5383,107832.4403,109828.3204,7098
4/8/2025,112416.6719,113331.6401,111336.0642,111825.198,4965
4/9/2025,112936.7578,113220.416,111126.4938,112521.1107,4967
4/11/2025,117360.9375,118564.6106,113123.1636,113123.1636,17890
4/15/2025,122713.1797,122818.0158,118015.5229,119712.8697,14655
4/16/2025,124295.7109,124580.2661,122693.2158,122758.1144,10139
4/17/2025,126277.6094,126662.0085,123796.4877,123906.3161,15654
4/21/2025,126602.1016,127800.2287,126297.5776,127276.0481,6676
4/22/2025,127455.7656,128913.487,126102.8804,127001.4758,9283
4/23/2025,127780.2578,129178.0728,126452.3336,129178.0728,6770
4/24/2025,129717.2266,130266.3681,127355.9178,127800.2232,11841
4/25/2025,128454.2031,130496.0114,127201.1619,130296.3236,7468
4/28/2025,130021.75,130171.5159,128294.4501,128299.4423,4740
4/29/2025,132597.7188,132992.1022,130496.0042,130545.9262,7993
4/30/2025,134295.0625,135388.3534,131793.9723,132742.4896,11000
5/2/2025,134784.3281,135528.1655,133691.037,134589.6324,6669
5/5/2025,135907.5469,137629.8545,135098.8111,135098.8111,7072
5/6/2025,134779.3281,137055.7698,134290.0928,136586.5034,5771
5/7/2025,140200.8438,141279.1582,131294.7654,131294.7654,27052
5/8/2025,138543.4375,143051.3909,138134.0774,140530.3317,15480
5/9/2025,137460.125,138079.1573,135388.3635,137200.5308,9582
5/12/2025,139706.6094,140874.7833,139352.1634,140180.868,5916
5/13/2025,140205.8438,140849.8371,138783.0677,139881.351,6054
5/14/2025,140849.8281,141159.3443,140205.8348,140205.8348,6640
5/15/2025,140919.7188,141653.5716,140645.148,141279.1569,5969
5/16/2025,140046.0938,142237.6681,139781.5073,141543.7528,9730
5/19/2025,139926.2656,140435.4696,139192.4128,139192.4128,6621
5/20/2025,140021.125,140929.7047,139267.3033,139881.3435,8983
5/21/2025,142062.9219,142277.5863,140280.7079,140580.2397,7110
5/22/2025,142122.8281,142916.5873,141279.147,142177.7423,5201
5/23/2025,143445.7813,143730.3365,141608.6528,142027.9974,5635
5/26/2025,146396.1563,147204.892,143480.7136,143775.2532,15301
5/27/2025,143760.2656,146565.8797,143395.8353,146396.1451,9952
5/28/2025,142562.1563,144574.0115,141334.0759,144574.0115,14908
5/29/2025,140685.0781,144204.5764,139796.4672,142876.6522,14872
5/30/2025,138648.2813,141623.6305,136950.9343,141468.8724,13777
6/2/2025,140530.3125,141179.298,136796.15,138183.9805,13350
6/3/2025,137864.5,141678.5382,137235.4832,140540.3174,12154
6/4/2025,135892.5781,138783.0598,135588.0541,138553.4188,10461
6/5/2025,140140.9375,140680.0947,136321.9072,136586.4937,15753
6/6/2025,139312.2344,140480.4083,137969.3335,140480.4083,6901
6/9/2025,138378.6875,141114.411,137994.2884,139322.2126,6140
6/10/2025,137634.8594,139182.4403,136341.8805,139182.4403,9402
6/11/2025,136666.3594,139232.3482,136286.9525,137784.6113,5607
6/12/2025,136172.1406,137554.979,135288.5219,137215.5097,8399
6/13/2025,137405.2031,137784.61,134789.2924,135583.0516,5875
6/16/2025,135932.5156,137230.4867,135687.898,136586.4934,4147
6/17/2025,136137.2031,136816.1419,135792.7416,136087.2812,2551
6/18/2025,137734.7031,138283.8447,135887.5904,135887.5904,4151
6/19/2025,137964.3438,138433.6102,136846.0917,137535.0148,3680
6/20/2025,134220.1875,138658.2499,132532.8252,138293.8196,24690
6/23/2025,135343.4375,135782.7508,134190.2401,134220.1933,3479
6/24/2025,136396.7813,136910.9774,135617.9987,136286.9529,4694
6/25/2025,139037.6563,139377.1256,136386.8001,136696.3162,5814
6/26/2025,142292.5625,142776.8055,138408.634,139087.5727,11171
6/27/2025,142991.4688,145472.5901,141478.8334,142377.4286,20472
6/30/2025,142137.8125,144873.5361,141473.8504,143775.2529,6320
7/1/2025,142277.5938,143470.7287,141468.858,142776.8134,5748
7/2/2025,144983.375,145452.6415,142577.1362,142577.1362,7394
7/3/2025,144693.8125,147843.8883,143495.6854,145173.0633,7751
7/4/2025,143740.2969,145772.1206,143276.0227,145272.901,4175
7/7/2025,142911.5938,144434.2135,141978.0531,144434.2135,3844
7/8/2025,144718.7813,145327.8292,141988.0498,142781.809,4391
7/9/2025,150479.7813,151662.9318,143775.2613,144718.7864,24541
7/10/2025,148048.5781,150464.8012,146770.5758,149865.7376,9580
7/11/2025,148008.6406,148647.6418,145971.8245,148048.5782,7148
7/14/2025,148612.6875,150364.9484,146775.5593,148008.6318,11768
7/15/2025,150549.6563,151063.8524,148038.5816,149296.615,9826
7/16/2025,152232.0156,152761.1884,149965.5588,149965.5588,7865
7/17/2025,150300.0625,152232.0426,149770.8897,151862.62,6478
7/18/2025,148054.1406,151494.0045,147494.1628,150529.0427,8078
7/21/2025,148399.125,148994.1014,146544.1984,148394.1252,6592
7/22/2025,148164.1406,150894.0327,147854.1529,148494.1276,6764
7/23/2025,149909.0781,150294.0629,148594.1301,148594.1301,3588
7/24/2025,150874.0156,152183.9637,149894.0545,149909.0539,7838
7/25/2025,149204.0938,151244.013,148419.1248,150794.0308,4591
7/28/2025,147799.1406,150764.0231,147199.1644,149494.0734,4668
7/29/2025,149349.0781,150214.0438,148009.1313,148294.12,4513
7/30/2025,150019.0625,150284.052,148594.1189,149954.0651,3136
7/31/2025,147839.1406,149489.0752,147194.1662,149044.0929,6737
8/1/2025,145899.2344,149174.105,145044.2682,148394.1358,6369
8/4/2025,144279.2969,147189.1819,143989.3083,145894.233,6882
8/5/2025,145839.2344,146274.2172,144194.2994,144594.2836,3962
8/6/2025,146379.2031,147379.1635,145694.2303,146994.1788,4222
8/7/2025,144259.2969,146124.2231,143494.3271,145494.2481,4325
8/8/2025,142709.3594,144694.2809,141994.3876,144694.2809,2851
8/11/2025,142164.3594,143479.3072,141089.402,142844.3324,2920
8/12/2025,140529.4375,142689.352,137209.5689,142164.3728,11861
8/13/2025,138834.5156,141694.4027,138094.5449,141694.4027,4360
8/14/2025,138469.5156,139744.4651,137894.5384,138994.4948,4133
8/18/2025,144509.2813,145244.2522,138749.5092,139094.4955,12991
8/19/2025,146529.2031,148819.1125,143244.3331,144494.2836,18003
8/20/2025,148784.1094,149194.0931,145854.2254,146494.2,6421
8/21/2025,148119.1406,149994.0665,147459.1667,149524.085,5446
8/22/2025,147499.1719,148744.1227,146994.1918,148744.1227,3011
8/25/2025,146739.2031,148194.1456,146199.2245,148194.1456,4631
8/26/2025,142374.3594,147014.1756,141594.3903,146494.1962,8941
8/28/2025,142269.3594,143484.3112,141194.402,142694.3425,6106
8/29/2025,140949.4219,142599.3566,139894.4636,141994.3805,7056
9/1/2025,144829.2656,145494.2393,140949.4192,141094.4135,6252
9/2/2025,153878.9219,154993.8778,144179.305,145194.2649,32632
9/3/2025,150544.0469,154193.9025,150244.0587,153878.915,8962
9/4/2025,149649.0781,154993.8666,149194.0961,152543.9636,12184
9/5/2025,148094.1406,150499.0455,147694.1565,150384.05,4806
9/8/2025,147069.1719,149589.072,146594.1907,148834.1019,8159
9/9/2025,149309.0781,149764.0601,146694.1818,148044.1283,4638
9/10/2025,145249.25,150529.041,144994.2601,149394.0859,10906
9/11/2025,146474.2031,147194.1746,145324.2486,145884.2265,7349
9/12/2025,146564.2031,148394.1307,146079.2223,146494.2059,6578
9/15/2025,147394.1719,148884.113,146879.1922,147294.1758,4443
9/16/2025,150884.0156,152193.9637,147794.1382,148044.1283,13098
9/17/2025,150224.0469,152348.9627,149594.0718,151194.0084,6242
9/18/2025,149044.1094,151494.0125,148794.1193,150974.0331,4567
9/19/2025,149699.0781,151244.017,148004.1452,149644.0803,11008
9/22/2025,152843.9531,154188.8999,149119.1005,149994.0659,10863
9/23/2025,155928.8281,156393.8097,152988.9445,152993.9443,12421
9/24/2025,153738.9219,155878.8373,153023.9501,155393.8564,5737
9/25/2025,150429.0469,153703.9173,149994.0641,153703.9173,5811
9/26/2025,148539.1094,151353.9977,147994.131,150884.0164,5719
9/29/2025,145879.2344,149814.0789,145064.2666,149814.0789,9306
9/30/2025,145814.2344,148299.1361,145414.2502,147279.1764,7375
10/1/2025,148734.1094,149989.0597,145794.2258,146594.1941,8100
10/3/2025,153188.9375,154493.8859,147399.1666,148734.1138,11930
10/6/2025,152343.9688,153188.9353,150854.0277,153183.9355,4800
10/7/2025,153713.9219,154293.8989,151104.0251,152343.976,7514
10/8/2025,155203.8594,160143.6639,152493.9666,153713.9183,15979
10/9/2025,156348.8125,157518.7662,155208.8576,156093.8226,6422
10/10/2025,155388.8594,157333.7825,153348.94,156393.8197,8693
10/13/2025,156878.7969,157193.7844,154593.8872,154593.8872,4616
10/14/2025,157688.7656,158693.7259,156348.8186,156543.8109,7557
10/15/2025,155303.8594,157763.7621,154993.8716,157688.7651,5500
10/16/2025,155248.8594,156983.7908,154698.8811,156093.826,4769
10/17/2025,155933.8281,156443.8079,155108.8608,156093.8218,3587
10/20/2025,161688.6094,163393.542,156528.8133,156773.8036,15860
10/21/2025,161673.6094,162743.5671,160208.6673,161093.6323,2188
10/23/2025,162288.5781,162993.5502,160278.6577,161973.5906,6570
10/24/2025,160183.6719,163593.5372,159393.7031,161048.6377,7853
10/27/2025,159328.7031,161683.6101,159083.7128,160183.6693,4430
10/28/2025,158188.7344,162058.5811,157893.7461,160193.655,7325
10/29/2025,159893.6719,160093.664,158393.7312,159993.6679,3671
10/30/2025,158128.7344,160553.6383,157693.7516,160093.6565,4107
10/31/2025,157508.7656,159098.7027,157243.7761,158993.7068,3835
11/3/2025,158353.7344,159633.6837,157793.7565,157793.7565,3088
11/4/2025,157908.75,159488.6875,157543.7644,159143.7011,3650
11/6/2025,157248.7656,159433.679,156798.7835,158948.6982,3826
11/7/2025,158758.7188,159293.6976,155658.8414,157878.7536,3830
11/10/2025,157818.7656,159498.6993,157313.7856,159493.6995,3056
11/11/2025,158158.7344,158688.7134,157213.7718,158613.7164,2691
11/12/2025,157768.7656,159313.7046,157293.7844,158358.7423,3575
11/13/2025,158308.7344,159293.6954,157993.7468,158293.735,3192
11/14/2025,157393.7656,159693.6745,156213.8124,158468.723,14236
11/17/2025,157128.7813,158983.7078,156743.7965,158493.7272,4449
11/18/2025,155203.8594,157503.7684,154643.8815,157493.7688,6029
11/19/2025,153348.9219,155648.8307,153093.932,155593.8329,4529
11/20/2025,151943.9844,154493.8834,151499.002,153493.923,5220
11/21/2025,152431.9688,154746.9227,151996.9774,152496.9675,7022
11/24/2025,155451.9219,157446.8824,151806.994,152996.9705,13719
11/25/2025,154776.9219,155196.9135,153651.9442,154996.9175,3067
11/26/2025,154486.9375,155696.9135,153511.9568,155196.9234,3665
11/27/2025,153746.9531,154996.9284,153401.96,154996.9284,2344
11/28/2025,152416.9688,153901.9392,151996.9771,153746.9423,3564
12/1/2025,152416.9688,152996.9572,151596.9851,152496.9672,3132
12/2/2025,154501.9375,155691.9139,152441.9783,152441.9783,7318
12/3/2025,152036.9844,154661.9323,151746.9901,154496.9356,3887
12/4/2025,153621.9531,153991.9458,151731.9906,152996.9655,3170
12/5/2025,153206.9531,154296.9314,152796.9613,153646.9444,2243
12/8/2025,153496.9531,154996.9234,152236.9781,153296.9571,2444
12/9/2025,152341.9688,153486.946,151596.9836,153486.946,3580
12/10/2025,151671.9844,153131.9553,150996.9978,152816.9616,3400
12/11/2025,153556.9531,153946.9454,150297.0178,152296.9781,3905
12/12/2025,152546.9688,153696.9459,151996.9797,153606.9477,2546
12/15/2025,153151.9531,153396.9483,151156.9928,152546.9652,2843
12/16/2025,152651.9688,153351.9549,152396.9738,152496.9718,1967
12/17/2025,151751.9844,153291.9538,151116.997,152696.9656,2903
12/18/2025,152256.9844,152996.9697,151327.0028,152996.9697,4410
12/19/2025,153576.9531,155381.9173,152256.9793,152996.9646,8953
12/22/2025,153896.9531,154256.946,153396.963,153926.9525,2771
12/23/2025,153356.9531,154876.9229,153021.9598,154876.9229,2988
12/24/2025,151432,153881.9515,151022.0081,153396.9611,4115
12/26/2025,150202.0156,152291.9741,149997.0197,152196.976,3539
12/29/2025,148757.0469,150997.0024,147997.062,150997.0024,6672
12/30/2025,151087,155201.9183,148167.058,148797.0455,8688
12/31/2025,152851.9688,153456.9568,151496.9956,151501.9955,6063
1/1/2026,151532,153111.9687,151217.0062,152496.9809,2867
1/2/2026,150682.0156,151956.9904,150467.0199,151596.9975,3834
1/5/2026,150402.0156,151761.9886,149697.0296,150747.0088,4627
1/6/2026,150192.0156,151581.988,149622.027,151581.988,3349
1/7/2026,150132.0156,150597.0064,149547.0273,150202.0142,3436
1/8/2026,148717.0469,150252.0164,148097.0592,150247.0165,4338
1/9/2026,147092.0781,149722.0259,146517.0895,148497.0502,4120
1/12/2026,148732.0469,149497.0317,145337.1143,147792.0655,4581
1/13/2026,147707.0625,149742.022,147112.0743,149392.029,3618
1/14/2026,145662.1094,148002.0629,145302.1165,147997.063,5287
1/16/2026,142837.1719,145662.1159,142532.1779,145597.1172,8096
1/19/2026,143042.1563,145132.1147,141502.1869,142997.1571,5832
1/20/2026,143232.1563,143997.1411,141747.1857,143997.1411,6432
1/21/2026,140047.2188,142897.1622,137737.2646,142897.1622,10269
1/22/2026,142272.1719,142797.1614,140197.2131,140197.2131,5051
1/23/2026,137472.2656,142847.1587,136797.2791,142672.1622,7285
1/27/2026,135807.2969,138997.2334,135447.304,138997.2334,5335
1/28/2026,134932.3281,136797.2912,134427.3381,136197.3031,6515
1/29/2026,130912.3984,135497.3073,130397.4087,135497.3073,10020
1/30/2026,132162.375,132997.3584,130022.4175,130897.4001,18857
2/2/2026,133762.3438,134197.3351,131197.3947,132292.3729,4177
2/3/2026,136647.2813,137642.2615,135007.3139,137642.2615,5922
2/4/2026,137637.2656,139797.2227,136007.298,136997.2783,5376
2/5/2026,134967.3281,138452.2591,134597.3354,138452.2591,4836
2/6/2026,146452.0938,149067.0419,133737.3461,134967.3217,64381
2/9/2026,145307.1094,147552.0647,143247.1504,146997.0758,13111
2/10/2026,148637.0469,149307.0336,145417.1108,145417.1108,15161
2/11/2026,151736.9844,152446.9703,149372.0314,149497.0289,11807
2/12/2026,151207,152446.9754,149797.028,151996.9843,8080
2/13/2026,150105,151500,148505,150750,7131
2/16/2026,147075,150990,146100,150105,6265
2/17/2026,147970,148550,146565,147690,5191
2/18/2026,147760,148990,147350,147970,4021
2/19/2026,145605,148160,144800,147760,4071
2/20/2026,146390,147195,144145,144145,5043
2/23/2026,145760,146660,144350,146645,4613
2/24/2026,143950,146200,142630,145700,7790
2/25/2026,147585,148000,144245,145000,7166
2/26/2026,143520,147815,143100,147350,8204
2/27/2026,140985,144700,140400,144000,14866
3/2/2026,138825,139600,136100,136480,6735
3/4/2026,135050,138490,134395,137480,9847
3/5/2026,140215,140500,136015,136015,12556
3/6/2026,138780,142500,138250,140010,9417
3/9/2026,134925,137380,134505,135910,6888
3/10/2026,137285,138445,136500,136500,8283
3/11/2026,136255,138000,135800,138000,5145
3/12/2026,138005,138250,134435,135795,5563
3/13/2026,134920,137930,134500,136500,4972
3/16/2026,132345,135455,131100,135455,7644
3/17/2026,132750,134280,132480,133695,5574
3/18/2026,133890,135000,133155,133580,5578
3/19/2026,130545,132795,130380,132795,6110
3/20/2026,127535,132250,127015,131940,12604
3/23/2026,124975,127515,123455,127515,7960
3/24/2026,127645,128860,125500,127900,7980
3/25/2026,129970,130900,128465,128785,7281
3/27/2026,129575,130490,127525,129400,9722
3/30/2026,128495,129955,124725,128100,18685
4/1/2026,129095,133000,128575,133000,8541
4/2/2026,126390,128500,125600,128500,8458
4/6/2026,127045,127995,125510,127600,7634
4/7/2026,127175,127900,125120,126355,6401
4/8/2026,133050,134465,130830,134465,13484
4/9/2026,134020,135395,131750,133695,10663
4/10/2026,136705,137600,134420,134800,13197
4/13/2026,134315,135550,133450,133450,6515
4/15/2026,137900,138350,136200,137005,6514
4/16/2026,138740,140795,138300,138495,6502
4/17/2026,139855,140040,138235,138895,4672
4/20/2026,139225,140335,138515,139855,4443
4/21/2026,139665,140510,138125,139750,3357
4/22/2026,137040,140095,136165,139600,7670
4/23/2026,134615,136890,134205,136880,5906
4/24/2026,132145,135770,131740,134615,5538
4/27/2026,132205,133545,131800,132550,6124
4/28/2026,130120,132695,130000,132205,8198
4/29/2026,130425,134100,130150,131500,10157
4/30/2026,129710,131100,128750,130355,7905
5/1/2026,129710,129710,129710,129710,0
5/4/2026,129235,131895,128690,131000,6536
5/5/2026,128270,130095,128110,130095,7949
5/6/2026,130335,130750,128720,129540,6785
5/7/2026,129965,133950,129350,131495,23649
5/8/2026,130425,132000,130135,131745,6385
5/11/2026,128910,130500,128620,130330,4534
5/12/2026,127555,129565,126650,129000,5438
